path	package	payload_readable	copyright_present	shared_readme_conflict	apple_metadata
apt/noble/extension-20260919/arm64/ivorysql-18_5.6-1PGSTY~noble_arm64.deb	ivorysql-18	True	True		
apt/noble/extension-20260919/arm64/postgresql-14-ddlx_0.31-1PGSTY~noble_all.deb	postgresql-14-ddlx	True	True		
apt/noble/extension-20260919/arm64/postgresql-14-jev_0.2.0-1PGSTY~noble_all.deb	postgresql-14-jev	True	True		
apt/noble/extension-20260919/arm64/postgresql-14-log-fdw_1.5-1PGSTY~noble_arm64.deb	postgresql-14-log-fdw	True	True		
apt/noble/extension-20260919/arm64/postgresql-14-nominatim-fdw_2.2.0-1PGSTY~noble_arm64.deb	postgresql-14-nominatim-fdw	True	True		
apt/noble/extension-20260919/arm64/postgresql-14-pg-curl_2.4.6-1PGSTY~noble_arm64.deb	postgresql-14-pg-curl	True	True		
apt/noble/extension-20260919/arm64/postgresql-14-pg-durable_0.2.8-1PGSTY~noble_arm64.deb	postgresql-14-pg-durable	True	True		
apt/noble/extension-20260919/arm64/postgresql-14-pg-grammar-guard_0.4.1-1PGSTY~noble_all.deb	postgresql-14-pg-grammar-guard	True	True		
apt/noble/extension-20260919/arm64/postgresql-14-pg-living-assertions_0.4.2-1PGSTY~noble_all.deb	postgresql-14-pg-living-assertions	True	True		
apt/noble/extension-20260919/arm64/postgresql-14-pg-local-cache_2.0.4-1PGSTY~noble_arm64.deb	postgresql-14-pg-local-cache	True	True		
apt/noble/extension-20260919/arm64/postgresql-14-pg-profile_4.16-1PGSTY~noble_all.deb	postgresql-14-pg-profile	True	True		
apt/noble/extension-20260919/arm64/postgresql-14-pg-stat-monitor_2.4.0-1PGSTY~noble_arm64.deb	postgresql-14-pg-stat-monitor	True	True		
apt/noble/extension-20260919/arm64/postgresql-14-pg-task_3.0.0-1PGSTY~noble_arm64.deb	postgresql-14-pg-task	True	True		
apt/noble/extension-20260919/arm64/postgresql-14-pg-vectorize_0.27.1-1PGSTY~noble_arm64.deb	postgresql-14-pg-vectorize	True	True		
apt/noble/extension-20260919/arm64/postgresql-14-pgmq_1.13.0-1PGSTY~noble_all.deb	postgresql-14-pgmq	True	True		
apt/noble/extension-20260919/arm64/postgresql-14-pgrdf_0.6.36-1PGSTY~noble_arm64.deb	postgresql-14-pgrdf	True	True		
apt/noble/extension-20260919/arm64/postgresql-14-plpgsql-check_2.10.10-1PGSTY~noble_arm64.deb	postgresql-14-plpgsql-check	True	True		
apt/noble/extension-20260919/arm64/postgresql-14-plprql_18.0.2-1PGSTY~noble_arm64.deb	postgresql-14-plprql	True	True		
apt/noble/extension-20260919/arm64/postgresql-14-ulak_0.2.0-1PGSTY~noble_arm64.deb	postgresql-14-ulak	True	True		
apt/noble/extension-20260919/arm64/postgresql-14-wrappers_0.6.3-1PGSTY~noble_arm64.deb	postgresql-14-wrappers	True	True		
apt/noble/extension-20260919/arm64/postgresql-15-ddlx_0.31-1PGSTY~noble_all.deb	postgresql-15-ddlx	True	True		
apt/noble/extension-20260919/arm64/postgresql-15-documentdb_0.117-1PGSTY~noble_arm64.deb	postgresql-15-documentdb	True	True		
apt/noble/extension-20260919/arm64/postgresql-15-jev_0.2.0-1PGSTY~noble_all.deb	postgresql-15-jev	True	True		
apt/noble/extension-20260919/arm64/postgresql-15-log-fdw_1.5-1PGSTY~noble_arm64.deb	postgresql-15-log-fdw	True	True		
apt/noble/extension-20260919/arm64/postgresql-15-nominatim-fdw_2.2.0-1PGSTY~noble_arm64.deb	postgresql-15-nominatim-fdw	True	True		
apt/noble/extension-20260919/arm64/postgresql-15-pg-curl_2.4.6-1PGSTY~noble_arm64.deb	postgresql-15-pg-curl	True	True		
apt/noble/extension-20260919/arm64/postgresql-15-pg-durable_0.2.8-1PGSTY~noble_arm64.deb	postgresql-15-pg-durable	True	True		
apt/noble/extension-20260919/arm64/postgresql-15-pg-grammar-guard_0.4.1-1PGSTY~noble_all.deb	postgresql-15-pg-grammar-guard	True	True		
apt/noble/extension-20260919/arm64/postgresql-15-pg-living-assertions_0.4.2-1PGSTY~noble_all.deb	postgresql-15-pg-living-assertions	True	True		
apt/noble/extension-20260919/arm64/postgresql-15-pg-local-cache_2.0.4-1PGSTY~noble_arm64.deb	postgresql-15-pg-local-cache	True	True		
apt/noble/extension-20260919/arm64/postgresql-15-pg-profile_4.16-1PGSTY~noble_all.deb	postgresql-15-pg-profile	True	True		
apt/noble/extension-20260919/arm64/postgresql-15-pg-search_0.25.9-1PGSTY~noble_arm64.deb	postgresql-15-pg-search	True	True		
apt/noble/extension-20260919/arm64/postgresql-15-pg-stat-monitor_2.4.0-1PGSTY~noble_arm64.deb	postgresql-15-pg-stat-monitor	True	True		
apt/noble/extension-20260919/arm64/postgresql-15-pg-task_3.0.0-1PGSTY~noble_arm64.deb	postgresql-15-pg-task	True	True		
apt/noble/extension-20260919/arm64/postgresql-15-pg-vectorize_0.27.1-1PGSTY~noble_arm64.deb	postgresql-15-pg-vectorize	True	True		
apt/noble/extension-20260919/arm64/postgresql-15-pgmq_1.13.0-1PGSTY~noble_all.deb	postgresql-15-pgmq	True	True		
apt/noble/extension-20260919/arm64/postgresql-15-pgrdf_0.6.36-1PGSTY~noble_arm64.deb	postgresql-15-pgrdf	True	True		
apt/noble/extension-20260919/arm64/postgresql-15-plpgsql-check_2.10.10-1PGSTY~noble_arm64.deb	postgresql-15-plpgsql-check	True	True		
apt/noble/extension-20260919/arm64/postgresql-15-plprql_18.0.2-1PGSTY~noble_arm64.deb	postgresql-15-plprql	True	True		
apt/noble/extension-20260919/arm64/postgresql-15-ulak_0.2.0-1PGSTY~noble_arm64.deb	postgresql-15-ulak	True	True		
apt/noble/extension-20260919/arm64/postgresql-15-wrappers_0.6.3-1PGSTY~noble_arm64.deb	postgresql-15-wrappers	True	True		
apt/noble/extension-20260919/arm64/postgresql-16-biscuit_3.1.0-1PGSTY~noble_arm64.deb	postgresql-16-biscuit	True	True		
apt/noble/extension-20260919/arm64/postgresql-16-ddlx_0.31-1PGSTY~noble_all.deb	postgresql-16-ddlx	True	True		
apt/noble/extension-20260919/arm64/postgresql-16-documentdb_0.117-1PGSTY~noble_arm64.deb	postgresql-16-documentdb	True	True		
apt/noble/extension-20260919/arm64/postgresql-16-jev_0.2.0-1PGSTY~noble_all.deb	postgresql-16-jev	True	True		
apt/noble/extension-20260919/arm64/postgresql-16-kafgres_0.1.0-1PGSTY~noble_arm64.deb	postgresql-16-kafgres	True	True		
apt/noble/extension-20260919/arm64/postgresql-16-log-fdw_1.5-1PGSTY~noble_arm64.deb	postgresql-16-log-fdw	True	True		
apt/noble/extension-20260919/arm64/postgresql-16-macavity_0.1.0-1PGSTY~noble_arm64.deb	postgresql-16-macavity	True	True		
apt/noble/extension-20260919/arm64/postgresql-16-nominatim-fdw_2.2.0-1PGSTY~noble_arm64.deb	postgresql-16-nominatim-fdw	True	True		
apt/noble/extension-20260919/arm64/postgresql-16-pg-circuit_0.1.0-1PGSTY~noble_arm64.deb	postgresql-16-pg-circuit	True	True		
apt/noble/extension-20260919/arm64/postgresql-16-pg-curl_2.4.6-1PGSTY~noble_arm64.deb	postgresql-16-pg-curl	True	True		
apt/noble/extension-20260919/arm64/postgresql-16-pg-durable_0.2.8-1PGSTY~noble_arm64.deb	postgresql-16-pg-durable	True	True		
apt/noble/extension-20260919/arm64/postgresql-16-pg-grammar-guard_0.4.1-1PGSTY~noble_all.deb	postgresql-16-pg-grammar-guard	True	True		
apt/noble/extension-20260919/arm64/postgresql-16-pg-lake_3.5.1-1PGSTY~noble_arm64.deb	postgresql-16-pg-lake	True	True		
apt/noble/extension-20260919/arm64/postgresql-16-pg-living-assertions_0.4.2-1PGSTY~noble_all.deb	postgresql-16-pg-living-assertions	True	True		
apt/noble/extension-20260919/arm64/postgresql-16-pg-local-cache_2.0.4-1PGSTY~noble_arm64.deb	postgresql-16-pg-local-cache	True	True		
apt/noble/extension-20260919/arm64/postgresql-16-pg-profile_4.16-1PGSTY~noble_all.deb	postgresql-16-pg-profile	True	True		
apt/noble/extension-20260919/arm64/postgresql-16-pg-search_0.25.9-1PGSTY~noble_arm64.deb	postgresql-16-pg-search	True	True		
apt/noble/extension-20260919/arm64/postgresql-16-pg-stat-monitor_2.4.0-1PGSTY~noble_arm64.deb	postgresql-16-pg-stat-monitor	True	True		
apt/noble/extension-20260919/arm64/postgresql-16-pg-task_3.0.0-1PGSTY~noble_arm64.deb	postgresql-16-pg-task	True	True		
apt/noble/extension-20260919/arm64/postgresql-16-pg-vectorize_0.27.1-1PGSTY~noble_arm64.deb	postgresql-16-pg-vectorize	True	True		
apt/noble/extension-20260919/arm64/postgresql-16-pgmq_1.13.0-1PGSTY~noble_all.deb	postgresql-16-pgmq	True	True		
apt/noble/extension-20260919/arm64/postgresql-16-pgrdf_0.6.36-1PGSTY~noble_arm64.deb	postgresql-16-pgrdf	True	True		
apt/noble/extension-20260919/arm64/postgresql-16-plpgsql-check_2.10.10-1PGSTY~noble_arm64.deb	postgresql-16-plpgsql-check	True	True		
apt/noble/extension-20260919/arm64/postgresql-16-plprql_18.0.2-1PGSTY~noble_arm64.deb	postgresql-16-plprql	True	True		
apt/noble/extension-20260919/arm64/postgresql-16-timescaledb-tsl_2.30.1-1PGSTY~noble_arm64.deb	postgresql-16-timescaledb-tsl	True	True		
apt/noble/extension-20260919/arm64/postgresql-16-ulak_0.2.0-1PGSTY~noble_arm64.deb	postgresql-16-ulak	True	True		
apt/noble/extension-20260919/arm64/postgresql-16-wrappers_0.6.3-1PGSTY~noble_arm64.deb	postgresql-16-wrappers	True	True		
apt/noble/extension-20260919/arm64/postgresql-17-biscuit_3.1.0-1PGSTY~noble_arm64.deb	postgresql-17-biscuit	True	True		
apt/noble/extension-20260919/arm64/postgresql-17-ddlx_0.31-1PGSTY~noble_all.deb	postgresql-17-ddlx	True	True		
apt/noble/extension-20260919/arm64/postgresql-17-documentdb_0.117-1PGSTY~noble_arm64.deb	postgresql-17-documentdb	True	True		
apt/noble/extension-20260919/arm64/postgresql-17-jev_0.2.0-1PGSTY~noble_all.deb	postgresql-17-jev	True	True		
apt/noble/extension-20260919/arm64/postgresql-17-log-fdw_1.5-1PGSTY~noble_arm64.deb	postgresql-17-log-fdw	True	True		
apt/noble/extension-20260919/arm64/postgresql-17-macavity_0.1.0-1PGSTY~noble_arm64.deb	postgresql-17-macavity	True	True		
apt/noble/extension-20260919/arm64/postgresql-17-nominatim-fdw_2.2.0-1PGSTY~noble_arm64.deb	postgresql-17-nominatim-fdw	True	True		
apt/noble/extension-20260919/arm64/postgresql-17-pg-circuit_0.1.0-1PGSTY~noble_arm64.deb	postgresql-17-pg-circuit	True	True		
apt/noble/extension-20260919/arm64/postgresql-17-pg-curl_2.4.6-1PGSTY~noble_arm64.deb	postgresql-17-pg-curl	True	True		
apt/noble/extension-20260919/arm64/postgresql-17-pg-durable_0.2.8-1PGSTY~noble_arm64.deb	postgresql-17-pg-durable	True	True		
apt/noble/extension-20260919/arm64/postgresql-17-pg-fts_1.8.3-1PGSTY~noble_arm64.deb	postgresql-17-pg-fts	True	True		
apt/noble/extension-20260919/arm64/postgresql-17-pg-grammar-guard_0.4.1-1PGSTY~noble_all.deb	postgresql-17-pg-grammar-guard	True	True		
apt/noble/extension-20260919/arm64/postgresql-17-pg-lake_3.5.1-1PGSTY~noble_arm64.deb	postgresql-17-pg-lake	True	True		
apt/noble/extension-20260919/arm64/postgresql-17-pg-living-assertions_0.4.2-1PGSTY~noble_all.deb	postgresql-17-pg-living-assertions	True	True		
apt/noble/extension-20260919/arm64/postgresql-17-pg-local-cache_2.0.4-1PGSTY~noble_arm64.deb	postgresql-17-pg-local-cache	True	True		
apt/noble/extension-20260919/arm64/postgresql-17-pg-profile_4.16-1PGSTY~noble_all.deb	postgresql-17-pg-profile	True	True		
apt/noble/extension-20260919/arm64/postgresql-17-pg-search_0.25.9-1PGSTY~noble_arm64.deb	postgresql-17-pg-search	True	True		
apt/noble/extension-20260919/arm64/postgresql-17-pg-stat-monitor_2.4.0-1PGSTY~noble_arm64.deb	postgresql-17-pg-stat-monitor	True	True		
apt/noble/extension-20260919/arm64/postgresql-17-pg-task_3.0.0-1PGSTY~noble_arm64.deb	postgresql-17-pg-task	True	True		
apt/noble/extension-20260919/arm64/postgresql-17-pg-vault-tde_1.7.1-1PGSTY~noble_arm64.deb	postgresql-17-pg-vault-tde	True	True		
apt/noble/extension-20260919/arm64/postgresql-17-pg-vectorize_0.27.1-1PGSTY~noble_arm64.deb	postgresql-17-pg-vectorize	True	True		
apt/noble/extension-20260919/arm64/postgresql-17-pgmq_1.13.0-1PGSTY~noble_all.deb	postgresql-17-pgmq	True	True		
apt/noble/extension-20260919/arm64/postgresql-17-pgrdf_0.6.36-1PGSTY~noble_arm64.deb	postgresql-17-pgrdf	True	True		
apt/noble/extension-20260919/arm64/postgresql-17-plpgsql-check_2.10.10-1PGSTY~noble_arm64.deb	postgresql-17-plpgsql-check	True	True		
apt/noble/extension-20260919/arm64/postgresql-17-plprql_18.0.2-1PGSTY~noble_arm64.deb	postgresql-17-plprql	True	True		
apt/noble/extension-20260919/arm64/postgresql-17-psql-bm25s_0.4.14-1PGSTY~noble_arm64.deb	postgresql-17-psql-bm25s	True	True		
apt/noble/extension-20260919/arm64/postgresql-17-timescaledb-tsl_2.30.1-1PGSTY~noble_arm64.deb	postgresql-17-timescaledb-tsl	True	True		
apt/noble/extension-20260919/arm64/postgresql-17-ulak_0.2.0-1PGSTY~noble_arm64.deb	postgresql-17-ulak	True	True		
apt/noble/extension-20260919/arm64/postgresql-17-wrappers_0.6.3-1PGSTY~noble_arm64.deb	postgresql-17-wrappers	True	True		
apt/noble/extension-20260919/arm64/postgresql-18-biscuit_3.1.0-1PGSTY~noble_arm64.deb	postgresql-18-biscuit	True	True		
apt/noble/extension-20260919/arm64/postgresql-18-ddlx_0.31-1PGSTY~noble_all.deb	postgresql-18-ddlx	True	True		
apt/noble/extension-20260919/arm64/postgresql-18-documentdb_0.117-1PGSTY~noble_arm64.deb	postgresql-18-documentdb	True	True		
apt/noble/extension-20260919/arm64/postgresql-18-log-fdw_1.5-1PGSTY~noble_arm64.deb	postgresql-18-log-fdw	True	True		
apt/noble/extension-20260919/arm64/postgresql-18-macavity_0.1.0-1PGSTY~noble_arm64.deb	postgresql-18-macavity	True	True		
apt/noble/extension-20260919/arm64/postgresql-18-nominatim-fdw_2.2.0-1PGSTY~noble_arm64.deb	postgresql-18-nominatim-fdw	True	True		
apt/noble/extension-20260919/arm64/postgresql-18-pg-circuit_0.1.0-1PGSTY~noble_arm64.deb	postgresql-18-pg-circuit	True	True		
apt/noble/extension-20260919/arm64/postgresql-18-pg-curl_2.4.6-1PGSTY~noble_arm64.deb	postgresql-18-pg-curl	True	True		
apt/noble/extension-20260919/arm64/postgresql-18-pg-durable_0.2.8-1PGSTY~noble_arm64.deb	postgresql-18-pg-durable	True	True		
apt/noble/extension-20260919/arm64/postgresql-18-pg-fts_1.8.3-1PGSTY~noble_arm64.deb	postgresql-18-pg-fts	True	True		
apt/noble/extension-20260919/arm64/postgresql-18-pg-grammar-guard_0.4.1-1PGSTY~noble_all.deb	postgresql-18-pg-grammar-guard	True	True		
apt/noble/extension-20260919/arm64/postgresql-18-pg-lake_3.5.1-1PGSTY~noble_arm64.deb	postgresql-18-pg-lake	True	True		
apt/noble/extension-20260919/arm64/postgresql-18-pg-living-assertions_0.4.2-1PGSTY~noble_all.deb	postgresql-18-pg-living-assertions	True	True		
apt/noble/extension-20260919/arm64/postgresql-18-pg-local-cache_2.0.4-1PGSTY~noble_arm64.deb	postgresql-18-pg-local-cache	True	True		
apt/noble/extension-20260919/arm64/postgresql-18-pg-profile_4.16-1PGSTY~noble_all.deb	postgresql-18-pg-profile	True	True		
apt/noble/extension-20260919/arm64/postgresql-18-pg-search_0.25.9-1PGSTY~noble_arm64.deb	postgresql-18-pg-search	True	True		
apt/noble/extension-20260919/arm64/postgresql-18-pg-stat-monitor_2.4.0-1PGSTY~noble_arm64.deb	postgresql-18-pg-stat-monitor	True	True		
apt/noble/extension-20260919/arm64/postgresql-18-pg-task_3.0.0-1PGSTY~noble_arm64.deb	postgresql-18-pg-task	True	True		
apt/noble/extension-20260919/arm64/postgresql-18-pg-trickle_0.107.0-1PGSTY~noble_arm64.deb	postgresql-18-pg-trickle	True	True		
apt/noble/extension-20260919/arm64/postgresql-18-pg-vault-tde_1.7.1-1PGSTY~noble_arm64.deb	postgresql-18-pg-vault-tde	True	True		
apt/noble/extension-20260919/arm64/postgresql-18-pg-vectorize_0.27.1-1PGSTY~noble_arm64.deb	postgresql-18-pg-vectorize	True	True		
apt/noble/extension-20260919/arm64/postgresql-18-pgmq_1.13.0-1PGSTY~noble_all.deb	postgresql-18-pgmq	True	True		
apt/noble/extension-20260919/arm64/postgresql-18-pgrdf_0.6.36-1PGSTY~noble_arm64.deb	postgresql-18-pgrdf	True	True		
apt/noble/extension-20260919/arm64/postgresql-18-plpgsql-check_2.10.10-1PGSTY~noble_arm64.deb	postgresql-18-plpgsql-check	True	True		
apt/noble/extension-20260919/arm64/postgresql-18-plprql_18.0.2-1PGSTY~noble_arm64.deb	postgresql-18-plprql	True	True		
apt/noble/extension-20260919/arm64/postgresql-18-psql-bm25s_0.4.14-1PGSTY~noble_arm64.deb	postgresql-18-psql-bm25s	True	True		
apt/noble/extension-20260919/arm64/postgresql-18-timescaledb-tsl_2.30.1-1PGSTY~noble_arm64.deb	postgresql-18-timescaledb-tsl	True	True		
apt/noble/extension-20260919/arm64/postgresql-18-ulak_0.2.0-1PGSTY~noble_arm64.deb	postgresql-18-ulak	True	True		
apt/noble/extension-20260919/arm64/postgresql-18-wrappers_0.6.3-1PGSTY~noble_arm64.deb	postgresql-18-wrappers	True	True		
